Hash;Count;Manufacturer;Model;Year From;Year To;Horsepower;Fuel Type
f4b19f240850f66dfd8a7e3baa5ca8b20694446937c24614a7bf756238eb07b8;135;Audi;A6;2021;2025;265 hp;Benzin
4f7aba8ac20dd1e7b89e1db7ccf04b819c7fa09de3d41a2ef08cdd1fde1172da;72;Cupra;Leon;2024;2025;333 hp;Benzin
eef812fb16e653f499d9a36e53dbdf34111167424ed2c0542ce6158e6f9315f0;57;Volkswagen;Golf;2023;2025;333 hp;Benzin
0f3144f6521fbd515e93c3c8f9889472222e4c89db54144a5267908576eda180;47;Volkswagen;Golf;2021;2024;320 hp;Benzin
82fce3b4c129e702275dd12ea0ecad3b07f000cb8b7cb0fdd07ffa685946e3ab;42;Mercedes-Benz;C 200;2022;2025;204 hp;Benzin
8298cec7c374c37470e17338fbda08727a70f2321edd15345d88846f0c903d12;41;Mercedes-Benz;C 300;2023;2024;265 hp;Diesel
13a4d3787c84529f0db79f08bea99550e01b873dc1611c4636692a67fa9e0741;37;Mercedes-Benz;C 300;2019;2025;258 hp;Benzin
d3165d82868c31134794c181b0a7746726f8f62fa729994c1449f0c049ed5db3;36;Kia;pro cee'd / ProCeed;2019;2024;204 hp;Benzin
af175a196b5c31279afd3a7767518e5f5368afdacddcddf36737b4217fc562ca;34;Cupra;Leon;2022;2024;310 hp;Benzin
01f927087511f81c2372efb6a6682e4d581b4f5921aa9c15026595c8a2ad9d1a;32;Audi;A6;2022;2025;204 hp;Diesel
d65d2eef8177d4e7e50a4033b1ed68b078a4eea5e8ba172584a69f438ed54c75;27;Mercedes-Benz;C 220;2021;2025;200 hp;Diesel
6c7656c12fc1cb36b54e98064fc3c5fdc2a5200619d08ad6c0ec574ac80dc28d;25;Volkswagen;Passat;2024;2024;200 hp;Diesel
a5203d52ced379b2c25c8cae081f59633ff13bebecbe90487f3bedcb4aea56ce;24;Volkswagen;Arteon;2022;2025;320 hp;Benzin
37ca5b513540d80dc31232400725a36104f6df45d4da9d4f42de004a203ff1fd;24;Audi;A5;2024;2025;204 hp;Benzin
0f88627ddfa09c523ab04babc86c46e825c7593df8ba1552af308c92c5a58268;24;BMW;1er M Coupé;2011;2013;340 hp;Benzin
8e08fa6570d1f0ee7bf034482ca63ea7527668bb38379fd5a6a98ab650a77700;19;Volkswagen;Golf;2022;2024;245 hp;Benzin
47c7925ccca203778ef3a890519a69a5ccb0ceab95a8b6039950a0718e53814a;17;Skoda;Octavia;2024;2025;265 hp;Benzin
bf07cf3a1f567bb09fd9eaf9ee3b0ea73ad2f97a9dfdd31b03d7fb3b5d6face5;17;Ford;Focus;2022;2025;280 hp;Benzin
c83df73c0867afdf6796ba1e6d0372c69138c3625e707e7bbd2412ed6427424a;17;Audi;S4;2022;2024;341 hp;Diesel
f921d0bef4d431099e6a9504847638a20582f451ac98ed99c9caa4971a9591e1;16;Audi;S6;2023;2024;344 hp;Diesel
e3f24e1ebef539cd103dd49447cfd025701d94eaf7162f81733e06c74c534165;15;Volkswagen;Passat Variant;2024;2025;265 hp;Benzin
d0f40ac090b39347ffcd630774c793331d848eff7da292f4480dbad4cce9c9de;14;Skoda;Superb;2021;2023;280 hp;Benzin
2a864fb7822c29b308fc601da74d4f233635b19ab81001162252e6958003d027;14;BMW;530;2021;2024;286 hp;Diesel
a060a8057d9aa319d443659b91003bbad6a5adb215deb98a20a9e6c217601b8e;13;Skoda;Superb;2020;2024;200 hp;Diesel
3c31da24a799e99ae4ac443facc23f29e9f2a883bc300f19e1b2e474875a3131;13;Audi;A6;2022;2025;286 hp;Diesel
25ed6af54b04f7f7e41920ea8149d0ba542306ff4d91154cfbd0f0517000b818;13;Audi;A5;2025;2025;204 hp;Diesel
41622b26eb48866425ead67b0d272d1f3ca46f01859d6e662ad26da20e67775b;13;Mercedes-Benz;CLE 200;2024;2025;204 hp;Benzin
087cfae70a6c5193ae35a425bdb520bb2d0c2fa3b6ab9f036188b4aa8f55447f;12;Audi;A4;2022;2024;204 hp;Diesel
0717a7d28fd7b4d5354a22bb3d2e01e48bf6df75540e2a463c9452ec690b01bf;12;Volkswagen;Arteon;2021;2025;200 hp;Diesel
7cd7ccb7e63216112074e6ab93cd3c8dbce3948f9e471267bf925d0a225b3c3c;12;Mercedes-Benz;E 200;2023;2024;204 hp;Benzin
1de0809c0be7da8c8befe19c7731dd845c236f40f437bde22560a0ea65baf60a;11;Mercedes-Benz;CLA 35 AMG Shooting Brake;2022;2025;306 hp;Benzin
3b3557b361eaca6735f9cd91b606b3be5cdb17f61e22a5203b55d9d5672ac620;11;Audi;A4;2022;2024;204 hp;Benzin
36ecaaf51cf88bb63e9b84638ec1a9222a27e6edcbc6ff5226df08c3896ea9a7;9;Audi;A6;2022;2024;340 hp;Benzin
8498ef8a915eab7584b62795cf6006694902d67932473d33ee6be0fe0d5e60c1;9;Audi;A4;2022;2025;265 hp;Benzin
4f6eb3597dfd99689ff484b6df2c4c96c4de628f8f3e5b37873ad3e4e3002e04;8;BMW;530;2019;2022;252 hp;Benzin
ba83e64ad9f8b56e705017a9229299ff7718adf62be376d5bfec781548277a22;8;Chevrolet;Camaro;2020;2025;461 hp;Benzin
71fca4fb04471eed5a55c39c93d8f3d8e69edcfa8cc9ffbb5383641d07cfb6a7;7;Mercedes-Benz;E 220;2022;2024;200 hp;Diesel
2f33ce9b8d2dfa22c2576f8cc2f62a6a1966a2583f3abcce83edd04bb34be839;7;Mercedes-Benz;E 300;2020;2023;265 hp;Diesel
6b275c30cb4b6446f2533c2d23a5d11aaed720b8e8245e69a74461bad319066e;6;Skoda;Superb;2024;2025;265 hp;Benzin
e090e33eaf3bcc653de5e8a5d4a9a6671303c12bc07dd721178611ed75a40218;6;Mercedes-Benz;CLA 250;2020;2024;224 hp;Benzin
7e4eb767b70e4622798295d2dd313d9bf58ab4ec03dbb1bc4d789fedbe9a1d51;6;Skoda;Octavia;2019;2025;245 hp;Benzin
84cb83e78bd289299b5e1f0b7ca46cf8b9000c4cc630b0e4f8e912de8dd461c9;5;BMW;330;2022;2024;245 hp;Benzin
07170738f23d28cf15b2d12d4692cdd1cde24fad40c441adc799cc5beb1bdb7a;5;Mercedes-Benz;CLA 35 AMG;2020;2022;306 hp;Benzin
8610c9e2f1314468891105b1ffe50cefe96985d742579b90477258e54ed68996;5;Audi;A4 Allroad;2023;2024;265 hp;Benzin
5c643147eded9b74223d650093af1f3dcc0361af261c1ec545daa413fdf1a948;5;Chevrolet;Camaro;2021;2024;340 hp;Benzin
87d38e113f412b8f52381d0edc1bada8e301ec2f791db1fd462b195739f8664d;5;Skoda;Octavia;2022;2024;200 hp;Diesel
0609abd1df082ebc8987f5f75d73c71014b48f3f01a355e3ad9bfbf346f0b9f7;5;Volkswagen;Golf;2025;2025;325 hp;Benzin
9438943f1af0c002822954733421b481e6f29d63374ccc5738dd36c29ed3e088;4;Cupra;Leon;2022;2023;245 hp;Benzin
7834ff668783780e01376ed4982129c2367883ac88a9007321646f0b80b2efa6;4;BMW;M440;2021;2023;374 hp;Benzin
a8aa9e7307cef1ec7ef488a82aef681ccbda06881ddaaafba6150bf02ecb6ee6;4;Volkswagen;Passat Variant;2022;2023;200 hp;Diesel
414abc78f87f05adfb45d109d485311b9e338d3d01e98aa7362e9f9dc7cda5f8;4;Mercedes-Benz;C 300;2023;2023;288 hp;Diesel
3e90b5c4d54532660dafd52c1e0e93966eaed1053fa7f06557096f8f3065c61a;4;Audi;A6;2024;2025;245 hp;Diesel
f77fa2338d34b78c662948a764ccccc135b7b768c4d5c1041404c7a971e62bb9;4;Seat;Leon;2023;2023;310 hp;Benzin
24d9b9fc2b92e751378d4661f0f3db35b536f52f65aeccdb72d447364eb9642c;3;Volkswagen;Passat Variant;2022;2022;280 hp;Benzin
94482c164eed40bab0d6cdd4ff665b9e84d8f57a476588973f9fa453dcd6e670;3;Mercedes-Benz;E 300;2020;2023;286 hp;Diesel
dbfe47a2dc512029dbe9ccb64d92fe7074d6fa630549035e31e1f1baad47bcb8;3;Audi;A4 Allroad;2020;2020;252 hp;Benzin
6ae50036541892ddb3e3b85a5d56ddb89979dedcc3e60b6027894f21b5037c38;3;Mercedes-Benz;C 220;2021;2023;220 hp;Diesel
b24f0b2c0893f23180eb8b17ace8236fddfbae68dadac46699ac8dadf58a08ea;3;Mercedes-Benz;CLA 45 AMG;2019;2019;381 hp;Benzin
bad157da88cbee16d36750037b43e705eda928696f6398de0c27e2625d3660cc;3;Volkswagen;Arteon;2022;2025;280 hp;Benzin
a9170136073e4e4397e89bc818a3d1a4e61222b3ebca8ff87fcb0da9519c60a8;3;Mercedes-Benz;C 300;2022;2022;286 hp;Diesel
826a912554407f9b2bc4c010a8b21ed43fbc7fa0d7f3e293f8de2fbd5f64fff6;3;Mercedes-Benz;CLA 250 Shooting Brake;2023;2024;224 hp;Benzin
ad2374b7fb988689b9ed0c848817f09fd41d7617d3f63586d3cb94e612b64355;3;BMW;330;2021;2024;258 hp;Benzin
755d796b31aa5a0f8097d1115ebd0a0cd8084ed1ba2be6717d2779f88a1ad2d5;3;Volkswagen;Passat Alltrack;2022;2023;200 hp;Diesel
dcb531588c19528110daa69da37769509be0532cd689cd44232b797e51a6d2b1;3;Volkswagen;Passat;2025;2025;265 hp;Benzin
05e806f3b8976bfcd50272210fbb4126e1360fc9022b2680ff782520a3d7906a;2;Cupra;Leon;2023;2025;300 hp;Benzin
6586a31b3abcbbcce686642d3daaa42cfb59fdd627d1fdaa8ea8514ec3be439a;2;Volkswagen;Passat Alltrack;2022;2022;280 hp;Benzin
464bd4585144e5ef0ad86b2cda958dfe98c5d01dae22c1ea78194946fd7a0072;2;Dodge;Challenger;2020;2021;492 hp;Benzin
eaa77f704c6da9da03a226bef1105a4f099a828248070a3a8dd41291d52c39d8;2;Mercedes-Benz;C 43 AMG;2020;2020;390 hp;Benzin
7d71105ecec52bcea4a8831832fcf0a5634fd0cb7017d816eafc7400ef8e75ef;2;BMW;330;2022;2022;292 hp;Benzin
5381854110c9a3065ee496162f0c4b199c881c5495ea70207d32dca2e112ec2c;2;BMW;1er M Coupé;2023;2023;306 hp;Benzin
1f0e9332b54a4bceb0cc2c132b6075a46e59b73ca379d0b76db7eb3b0716664a;2;Ford;Mustang;2019;2020;450 hp;Benzin
a1fe1f722e6aaef6208c8bfb0a8be24df7536cab7928119746bc544b9504b2f1;2;BMW;M340i;2022;2022;374 hp;Benzin
b7470791cd98563af6d87bc1d8e4307bc0c9f1abf7e9421260f49005f57da286;2;Chevrolet;Camaro;2019;2020;453 hp;Benzin
b65a850c4e94ec3d419a94c95eced1760e5c59002615a8d010555ed553c07e5b;2;BMW;430;2022;2022;245 hp;Benzin
250799913949d217fa309722d3e4cc497b590cb62e74f8d08d0073faf43d70de;2;Chevrolet;Camaro;2022;2023;275 hp;Benzin
dd3daeabf7b36e1ebbf6ad995180fa46528f4f59f3e03e753433e0ae1fe46af8;2;Genesis;G70;2023;2023;245 hp;Benzin
a70ee017b8abeddcd0464cad9c6d7a1d0073e5a57a97ac310ab9f0dffc39c27c;2;Ford;Mustang;2024;2024;446 hp;Benzin
1e8365f3b6382373d2c6eab8362a13df5201c6bd8350a893c5ee6601f1eb203f;2;Dodge;Challenger;2020;2021;309 hp;Benzin
9a9ad2d143c4dab84dea56dd7e95fd1889b50dfc49da63d6b7e518d67eb022c2;2;Toyota;Supra;2021;2021;258 hp;Benzin
3eef6a250de5e7adc4c7a79b1514b84379ba3b57387c5a95e1bd4228aa2cde6b;2;Volkswagen;Passat;2024;2024;320 hp;Benzin
6ebfd74604534d354177af043d580a733e820646fb7f491b192f45cf8fccd83a;2;Mercedes-Benz;C 300;2020;2023;245 hp;Diesel
33b25a8340f1d664cb22bd9bc3e25d4bf37c0032d2d8517e611521679dbdb038;2;Dodge;Challenger;2021;2025;377 hp;Benzin
ff83011577a00abf5898f3f110fa6934d49d090f25f9b7bd8e9d63017a8da541;2;BMW;M235;2025;2025;300 hp;Benzin
696d6a9cf301bf106b349314173d6ecc0a1b4c6fde0cdf1f7ba82e85180310c8;2;Genesis;G70;2022;2024;200 hp;Diesel
18b2db782ad4ccdba0baebd5fba512494a39c8bb5c3d83d0860b7f960df2ccbc;2;BMW;M2;2020;2020;411 hp;Benzin
6210d4dcbd4ef972ca68fc094f6e46519f51bc52cd2f136049bb37cd81b5e9d0;2;Audi;A4;2024;2024;286 hp;Diesel
f06cf5c61af6c70ad2baf535cdc9a5b0006b7c02f0fd135c94b84cfffd20ef7c;2;Audi;S3;2025;2025;333 hp;Benzin
903ef00ed0d5496d509744490c169e002ff52fae874e6e812d8e4e6976c06e83;2;BMW;1er M Coupé;2011;2013;400 hp;Benzin
3d75a9ab6c3f213f088e40feec57d43ea2889bbbf6be8f0ca7ecc51707796285;2;Ford;Mustang;2021;2022;466 hp;Benzin
3519f617e6f638670201422672cb031fba3f1fbb7ae903b9b5752ba32eb48a83;2;Audi;A4 Allroad;2022;2024;204 hp;Diesel
90c87ade7ee369c8144858395e757f7d768060e60ef421947f5aad63b6900475;2;BMW;M340d;2021;2022;340 hp;Diesel
fe87ba57c7fbbf189e2b4a89b7bb6acd47b7828b280e98ec1348606697c25982;2;BMW;1er M Coupé;2010;2010;122 hp;Benzin
02e1f64232d3fd74f722b3e7aa2973f079fcb6004a02f12a1e01c77272983b43;2;Ford;Mustang;2020;2022;314 hp;Benzin
53b6c3511f76a39dfbc4c0aad657bb828e53610f38ffb1fe55f2295d8014b659;2;Ford;Mustang;2021;2023;449 hp;Benzin
774ad260842fc0238cca21a80ac20ba93d45ad95bface0ec6ae8468c0034ae45;2;BMW;430 Gran Coupé;2022;2025;245 hp;Benzin
42a1cd641b318df448d04ee919bef8aad40a7cd4d98bf2c4f0ec310bb83dbef3;1;Audi;A4;2020;2020;245 hp;Benzin
c7a932ceeb28be28a13b4480747f27709e07541295ecf35534a4c3b071219370;1;Ford;Mustang;2025;2025;317 hp;Benzin
d213d7b58d9d823325a19e5577ecb586bca8230c74661c92ea00062e6373f872;1;Mercedes-Benz;C 300;2024;2024;281 hp;Benzin
93748602045b1d4abe871ea3af317d1027ee4e74a32548e01793ee52475a16eb;1;Volkswagen;Arteon;2025;2025;305 hp;Benzin
c7a68b770b912fc2c568a4c0870257f20846407f86d1bb027d757e707a654ee9;1;Peugeot;508;2020;2020;224 hp;Benzin
95a2f68fe9f251ec0353fde1cfe8df63820ba5bbb03747e3382cf36e9151cbce;1;BMW;1er M Coupé;2009;2009;116 hp;Diesel
f1fdbe9bb58db555ca81e85624be16ae3a67747e37aaf2978bbd796044f7eca1;1;BMW;1er M Coupé;2013;2013;320 hp;Benzin
93e223f192ea9db1f9853d75ac6decabde982856dc9884adf9b1c5a6cc29949a;1;BMW;1er M Coupé;2009;2009;420 hp;Benzin
bb42ba424d7a0497fc1b41459037f1edf4ffdbff578b4bcc30c22e2dd9f9cac0;1;BMW;1er M Coupé;1977;1977;86 hp;Benzin
02c0915a6b4b753643155d53f634f746f9bc196f43799cb7dac771462c3d753b;1;BMW;1er M Coupé;2012;2012;143 hp;Benzin
af2027273287a62490db8cf02aaebb9ad1dd8e5487fede69045854bfb8ceabdb;1;Mercedes-Benz;C 300;2019;2019;272 hp;Benzin
87222b70a18fdc2c965029cdb70aeac3d0677d3682e9f30f43494fdc15c1180c;1;Mercedes-Benz;CLA 45 AMG;2023;2023;387 hp;Benzin
3714ff20964e6638c03543919e300253b57479f8f2c8d2676448e49ee217e76d;1;Mercedes-Benz;CLA 45 AMG Shooting Brake;2023;2023;421 hp;Benzin
c6cc3a4c5fdcb207f57c19592ef9b1c98d991aca20d635ddebfd272df35784bc;1;Volvo;V60 Cross Country;2021;2021;250 hp;Benzin
4b5abd33676f185222b1d99731716dde3632eeff3060dcc92e82ebae3588047b;1;Cupra;Leon;2025;2025;204 hp;Benzin
32d2e7748fce7d0ebfc328bf202b9e6125211c867e4402b527f21af28dfc0072;1;BMW;1er M Coupé;2012;2012;379 hp;Benzin
429af7b65c001efd1719dcad9aff1d3f4d2af4f48f3ebf4e0b0e7f544b124ebf;1;Mercedes-Benz;A 35 AMG;2025;2025;306 hp;Benzin
0b1a995431fa92d5c8d02a1af1201f8f237129dbbd1ffa58b06d24df15f02946;1;Cupra;Formentor;2022;2022;310 hp;Benzin
1f1f8eed12c0394581d2ae3906a27b11cac3d323af2be190418c9e2043aa2878;1;BMW;540;2024;2024;303 hp;Diesel
117b940badbb1b2c8f42c935f654fcd92d1a541b4ad154c1afcc5278d2c873a8;1;BMW;540;2022;2022;340 hp;Diesel
f5862d39d26a2bc869150a005de6f7ea149d9fd7454835352ec0cac0d6a11b24;1;Dodge;Challenger;2021;2021;495 hp;Benzin
e6a15ae0607b5d2b1b745cfccdb64be27d05b4102ff64e9ac0eac4aeeedf340d;1;Skoda;Superb;2025;2025;204 hp;Benzin
7657376a6939c1dc741ca520c5d339a9c845a040bb30439cf5ca50dc62fcc4e1;1;Mercedes-Benz;E 300;2019;2019;245 hp;Benzin
34fe75f0a13e6dd1bbd9b022a0cd6135385f690d18d96fd25bce7fec283542ac;1;BMW;440;2021;2021;374 hp;Benzin
e80c341d8bc950b1262bdf74e062c54583908b82e341868d8df6a71ef0c07dde;1;Mercedes-Benz;CLS 350;2020;2020;299 hp;Benzin
2be6118ac15a9416ebe3053f3b3a0af9122349e1acd31c3f9627d7387f250abb;1;Audi;A5;2022;2022;286 hp;Diesel
752f8191e0c800722528e7fa94c228df12c56b5286e3460e3a94d4479c10caa3;1;Ford;Mustang;2024;2024;454 hp;Benzin
a18da15e3f92c280a4516a1794328c42b6763a23829d75dce6f942457207e096;1;Dodge;Challenger;2020;2020;383 hp;Benzin
6c152a7cd1c0211015e659447c34d5a6192af55649f984f622dc2987d919b115;1;Alfa Romeo;Giulia;2022;2022;280 hp;Benzin
9640a933b27d919ac8a9f077040c6ee1d3b749049767f043a4e1062f4bf53089;1;BMW;M135;2022;2022;306 hp;Benzin
9e8c7707cdf7b2ef9c94bda477fdc377c5d4c9a7c094a3da615ef7b220298d6d;1;Chevrolet;Camaro;2022;2022;460 hp;Benzin
efd815660bb29debd79dc2ad05283f681872c5970f11e2b9008f1b63a710505e;1;Mercedes-Benz;GLE 43 AMG;2019;2019;390 hp;Benzin
4bbe1578e5188578ae7f12272a9217c344a2582de9e01b762376e71a343aae9b;1;Opel;Insignia;2022;2022;230 hp;Benzin
80441281ae2738626d2854d4b9b937f8f31cdaa209a2b6ecfd32fd3d56428820;1;Mercedes-Benz;GLC 400;2023;2023;330 hp;Diesel
af1fe2f4596165740ca859834c847b0f527cd0f5f80e6bee794d9066ac60a0dc;1;Jaguar;F-Type;2021;2021;300 hp;Benzin
c6ed34917887d2f932c303726c6d81767d615cc69ff287da0ee200b735e7dcd8;1;BMW;440;2019;2019;326 hp;Benzin
5e9dd53edbe558bcc0819f31d28db307a2b7c65b4595a951335c25ee4bb385a5;1;BMW;M235;2024;2024;306 hp;Benzin
